99;"com.taomee.seer2.app.gameRule.spt.support.SptConfigInfoManager__xmlClass"
61;"com.taomee.seer2.app.config.QuestConfig__xmlClass"
81;"com.taomee.seer2.app.config.FightDecorationConfig__xmlClass"
85;"com.taomee.seer2.app.config.ItemConfig__medalXmlClass"
134;"com.taomee.seer2.app.config.PaintGuessSwapConfig__xmlClass"
149;"com.taomee.seer2.app.config.vip.VipConfig__xmlClass"
104;"com.taomee.seer2.app.config.KingFightTaskConfig__xmlClass"
77;"com.taomee.seer2.app.config.giftRemind.GiftRemindConfig__xmlClass"
69;"com.taomee.seer2.app.config.ShopPanelConfig__class"
48;"com.taomee.seer2.app.config.HornConfig__xmlClass"
100;"com.taomee.seer2.app.gameRule.spt.support.SptDialogConfig__xmlClass"
65;"com.taomee.seer2.app.config.PetConfig__dictionaryXmlClass"
110;"com.taomee.seer2.app.questTiny.QuestTinyHelper__xmlClass"
145;"com.taomee.seer2.app.config.YiteFightSwap__xmlClass"
129;"UI_LoadingBG"
135;"HuakangZhongyiFont"
83;"com.taomee.seer2.app.config.ItemConfig__itemXmlClass"
147;"com.taomee.seer2.app.config.YiteFightConfig__xmlClass"
111;"com.taomee.seer2.app.config.PetDictionarySpeakListConfig__setting"
12;"com.taomee.seer2.app.config.ActivityConfig__xmlClass"
103;"com.taomee.seer2.app.config.StarTaskConfig__xmlClass"
57;"com.taomee.seer2.app.config.FindPetConfig__xmlClass"
55;"com.taomee.seer2.app.config.CompensationConfig__xmlClass"
105;"com.taomee.seer2.app.config.EvolveConfig__xmlClass"
140;"com.taomee.seer2.app.config.PlantShopConfig__class"
109;"com.taomee.seer2.app.config.SkillSideEffectConfig__buffXmlClass"
107;"com.taomee.seer2.app.config.ProvideMonster__xmlClass"
18;"UI_ScreenCover"
117;"com.taomee.seer2.app.config.TitleConfig__xmlClass"
14;"com.taomee.seer2.app.starMagic.StarMagicConfig__xmlClass"
113;"com.taomee.seer2.app.config.BirthSkillListConfig__xmlClass"
138;"com.taomee.seer2.app.config.GadConfig__xmlClass"
73;"com.taomee.seer2.app.config.StoneConfig__xmlClass"
137;"com.taomee.seer2.app.config.ActCalendarConfig__xmlClass"
47;"com.taomee.seer2.app.config.FitConfig__xmlClass"
101;"com.taomee.seer2.app.config.WinterSignConfig__xmlClass"
132;"com.taomee.seer2.app.config.ItemConfig__suitXmlClass"
131;"com.taomee.seer2.app.config.AnimationDialog__xmlClass"
130;"com.taomee.seer2.app.config.PetEvolveConfig__starClass"
76;"com.taomee.seer2.app.config.LimitTimeItemListConfig__xmlClass"
97;"UI_Image_Level"
112;"com.taomee.seer2.app.config.DiceMapThingConfig__xmlClass"
1;"com.taomee.seer2.app.config.FishConfig__xmlClass"
139;"com.taomee.seer2.app.config.MapConfig__xmlClass"
144;"com.taomee.seer2.app.config.PetSkinDefineConfig__xmlClass"
72;"com.taomee.seer2.app.gameRule.door.constant.Door21LevelConstant__DoorMonData"
50;"com.taomee.seer2.app.config.questAnswer.FestivalAnswerConfig__xmlClass"
119;"com.taomee.seer2.app.config.questAnswer.QuestAnswerConfig__xmlClass"
52;"com.taomee.seer2.app.config.ProtocolConfig_ProtocolClass"
60;"com.taomee.seer2.app.config.PartyNotisiConfig__xmlClass"
10;"com.taomee.seer2.app.lobby.shootReward.MapShootSwapConfig__xmlClass"
59;"com.taomee.seer2.app.arena.util.HitInfoConfig__hitData"
71;"com.taomee.seer2.app.arena.util.ControlPanelUtil__btnSetting"
141;"com.taomee.seer2.app.config.MonsterConfig__xmlClass"
75;"com.taomee.seer2.app.config.NonoActivityConfig__xmlClass"
143;"com.taomee.seer2.app.config.PetSpirtTrainConfig__xmlClass"
11;"com.taomee.seer2.app.config.SkillConfig__movesXmlClass"
2;"com.taomee.seer2.app.config.SeedConfig__class"
84;"com.taomee.seer2.app.rightToolbar.config.RightToolbarConfig__xmlClass"
142;"com.taomee.seer2.app.config.EquipElementConfig__xmlClass"
116;"com.taomee.seer2.app.rarePet.config.RarePetConfig__class"
78;"com.taomee.seer2.app.config.NPCConfig__class"
151;"com.taomee.seer2.app.config.PlantBubbleConfig__class"
114;"com.taomee.seer2.app.config.PetMelee2Config__xmlClass"
133;"com.taomee.seer2.app.config.NewPetDicThisWeekListConfig__setting"
62;"com.taomee.seer2.app.config.PlantHomeConfig__xmlClass"
67;"com.taomee.seer2.app.config.VipConfig2__xmlClass"
51;"com.taomee.seer2.app.config.ItemGroupConfig__xmlClass"
68;"com.taomee.seer2.core.config.DreamConfig__xmlClass"
98;"com.taomee.seer2.app.config.FightLoadingTipConfig__xmlClass"
13;"com.taomee.seer2.app.config.PlanetConfig__xmlClass"
46;"UI_LoadingBar"
74;"com.taomee.seer2.app.config.PetConfig__petXmlClass"
115;"com.taomee.seer2.app.config.SkillConfig__hideMovesXmlClass"
56;"com.taomee.seer2.app.config.PetRideShopConfig__setting"
70;"com.taomee.seer2.app.config.DisCountConfig__xmlClass"
118;"com.taomee.seer2.app.config.timeNews.TimeNewsConfig__xmlClass"
148;"auto-fight-verify_xml$98a121ec8e8b9e13ebe05b0219f21cdb-1223216401"
64;"com.taomee.seer2.app.copySystem.CopyManager__xmlClass"
15;"com.taomee.seer2.app.config.PetStarConfig__xmlClass"
136;"com.taomee.seer2.app.config.PetEvolveConfig__xmlClass"
66;"com.taomee.seer2.app.config.TimeLimitConfig__xmlClass"
79;"com.taomee.seer2.app.shoot.ShootXMLInfo_xmlClass"
102;"com.taomee.seer2.app.config.ServerNameConfig__xmlClass"
120;"com.taomee.seer2.app.config.PetMeleeConfig__xmlClass"
80;"com.taomee.seer2.app.config.FreeUseItemListConfig__xmlClass"
106;"com.taomee.seer2.core.ui.LoadingBar__titleDataClass"
53;"com.taomee.seer2.app.announcement.AnnouncementConfig__xmlClass"
54;"com.taomee.seer2.app.config.MatchingConfig__xmlClass"
150;"com.taomee.seer2.app.config.PaintGuessConfig__xmlClass"
16;"com.taomee.seer2.app.config.DiceMapThingMeeConfig__xmlClass"
49;"com.taomee.seer2.app.config.PetSkinConfig__xmlClass"
146;"com.taomee.seer2.app.config.NonoNewsConfig__xmlClass"
58;"com.taomee.seer2.app.config.NewTeamQuestConfig__xmlClass"
108;"com.taomee.seer2.core.module.ModulesToRemoveXMLInfo_xmlClass"
63;"com.taomee.seer2.app.config.PeakBattleConfig__xmlClass"
82;"com.taomee.seer2.app.config.PetConfig__dialogXmlClass"
9;"BackGroundUI"
